Channel,Counts
0,0
1,0
2,0
3,0
4,0
5,0
6,0
7,0
8,0
9,0
10,0
11,0
12,0
13,0
14,0
15,0
16,0
17,0
18,0
19,0
20,0
21,0
22,0
23,0
24,0
25,0
26,0
27,0
28,0
29,0
30,0
31,0
32,0
33,0
34,0
35,0
36,0
37,0
38,0
39,0
40,0
41,0
42,0
43,0
44,0
45,0
46,0
47,0
48,0
49,0
50,0
51,0
52,0
53,0
54,0
55,0
56,0
57,0
58,0
59,0
60,0
61,0
62,0
63,0
64,0
65,1
66,0
67,1
68,0
69,0
70,0
71,0
72,0
73,0
74,1
75,0
76,1
77,1
78,4
79,5
80,19
81,26
82,91
83,227
84,424
85,788
86,1023
87,1115
88,1087
89,1138
90,1069
91,1168
92,1121
93,1097
94,1155
95,1135
96,1179
97,1196
98,1143
99,1222
100,1247
101,1188
102,1248
103,1197
104,1119
105,1115
106,1172
107,1128
108,1149
109,1116
110,1147
111,1067
112,1090
113,1048
114,1148
115,1062
116,972
117,1070
118,1088
119,1113
120,1101
121,1047
122,1069
123,1004
124,1050
125,1027
126,1174
127,1012
128,1094
129,1050
130,1090
131,1037
132,1100
133,1017
134,1003
135,1075
136,1013
137,1039
138,1082
139,1060
140,973
141,1048
142,1025
143,967
144,954
145,947
146,1031
147,988
148,956
149,972
150,1013
151,981
152,1003
153,977
154,924
155,925
156,930
157,919
158,942
159,925
160,849
161,961
162,924
163,868
164,901
165,867
166,913
167,872
168,830
169,839
170,855
171,836
172,808
173,816
174,855
175,885
176,884
177,788
178,796
179,801
180,801
181,726
182,786
183,813
184,785
185,751
186,745
187,744
188,798
189,783
190,736
191,719
192,676
193,698
194,728
195,695
196,688
197,669
198,673
199,668
200,665
201,672
202,696
203,639
204,648
205,636
206,650
207,653
208,632
209,631
210,627
211,614
212,608
213,574
214,591
215,572
216,583
217,588
218,547
219,555
220,534
221,558
222,553
223,530
224,533
225,490
226,507
227,488
228,528
229,514
230,494
231,482
232,472
233,444
234,523
235,469
236,469
237,450
238,462
239,438
240,471
241,417
242,421
243,459
244,406
245,400
246,405
247,427
248,420
249,420
250,427
251,365
252,397
253,355
254,389
255,407
256,405
257,381
258,360
259,376
260,359
261,373
262,379
263,368
264,331
265,356
266,357
267,353
268,337
269,351
270,320
271,333
272,316
273,307
274,313
275,316
276,300
277,320
278,304
279,303
280,287
281,275
282,288
283,286
284,281
285,289
286,265
287,248
288,276
289,267
290,278
291,289
292,259
293,240
294,237
295,231
296,240
297,255
298,261
299,226
300,272
301,240
302,246
303,200
304,212
305,216
306,232
307,213
308,230
309,222
310,222
311,228
312,209
313,209
314,199
315,195
316,213
317,180
318,222
319,198
320,222
321,177
322,208
323,200
324,186
325,179
326,182
327,178
328,196
329,159
330,163
331,186
332,166
333,151
334,177
335,166
336,177
337,175
338,185
339,160
340,160
341,148
342,156
343,191
344,185
345,206
346,199
347,188
348,154
349,157
350,167
351,175
352,158
353,132
354,131
355,151
356,120
357,136
358,134
359,127
360,132
361,140
362,127
363,112
364,137
365,122
366,129
367,130
368,136
369,109
370,123
371,100
372,103
373,119
374,112
375,124
376,114
377,110
378,107
379,104
380,121
381,96
382,117
383,108
384,112
385,102
386,88
387,101
388,95
389,89
390,99
391,102
392,88
393,102
394,121
395,96
396,111
397,86
398,97
399,99
400,82
401,106
402,91
403,113
404,104
405,94
406,97
407,101
408,83
409,96
410,91
411,75
412,87
413,101
414,72
415,75
416,85
417,88
418,92
419,88
420,86
421,97
422,83
423,71
424,79
425,88
426,61
427,95
428,68
429,90
430,79
431,83
432,98
433,106
434,112
435,69
436,78
437,92
438,78
439,77
440,94
441,90
442,89
443,97
444,114
445,99
446,93
447,90
448,79
449,67
450,71
451,73
452,82
453,83
454,65
455,66
456,62
457,75
458,76
459,63
460,63
461,52
462,65
463,70
464,52
465,66
466,78
467,66
468,56
469,51
470,71
471,64
472,53
473,74
474,62
475,71
476,63
477,64
478,66
479,46
480,57
481,67
482,61
483,74
484,72
485,56
486,59
487,72
488,60
489,54
490,56
491,66
492,51
493,47
494,56
495,76
496,62
497,61
498,60
499,65
500,87
501,80
502,70
503,49
504,52
505,53
506,46
507,54
508,67
509,48
510,57
511,41
512,44
513,61
514,45
515,59
516,43
517,53
518,60
519,79
520,98
521,96
522,85
523,86
524,94
525,111
526,150
527,159
528,148
529,129
530,92
531,70
532,47
533,45
534,40
535,41
536,41
537,46
538,41
539,32
540,45
541,58
542,42
543,42
544,50
545,47
546,42
547,40
548,42
549,31
550,44
551,50
552,39
553,45
554,51
555,41
556,35
557,29
558,51
559,39
560,37
561,43
562,35
563,38
564,45
565,45
566,40
567,41
568,41
569,36
570,54
571,68
572,58
573,53
574,43
575,33
576,43
577,55
578,38
579,34
580,42
581,34
582,35
583,33
584,34
585,36
586,36
587,30
588,38
589,44
590,40
591,33
592,39
593,39
594,27
595,34
596,41
597,30
598,39
599,30
600,39
601,38
602,42
603,40
604,38
605,30
606,47
607,27
608,34
609,27
610,39
611,48
612,29
613,31
614,31
615,31
616,32
617,33
618,38
619,33
620,41
621,37
622,29
623,25
624,29
625,37
626,45
627,25
628,24
629,42
630,40
631,35
632,29
633,30
634,29
635,46
636,31
637,32
638,22
639,39
640,36
641,29
642,33
643,30
644,30
645,40
646,28
647,34
648,34
649,41
650,39
651,39
652,29
653,36
654,28
655,31
656,25
657,36
658,43
659,43
660,39
661,26
662,20
663,29
664,34
665,30
666,20
667,22
668,22
669,31
670,24
671,19
672,27
673,26
674,39
675,45
676,34
677,35
678,30
679,36
680,34
681,49
682,31
683,22
684,28
685,40
686,29
687,23
688,26
689,30
690,45
691,34
692,33
693,38
694,41
695,31
696,23
697,32
698,27
699,35
700,35
701,24
702,31
703,29
704,30
705,33
706,34
707,29
708,29
709,31
710,39
711,33
712,29
713,27
714,30
715,24
716,27
717,22
718,28
719,31
720,24
721,29
722,31
723,27
724,30
725,25
726,22
727,23
728,31
729,29
730,28
731,31
732,23
733,19
734,31
735,22
736,18
737,24
738,31
739,20
740,25
741,18
742,27
743,26
744,21
745,24
746,22
747,21
748,29
749,36
750,21
751,27
752,19
753,23
754,25
755,16
756,19
757,26
758,23
759,22
760,44
761,28
762,51
763,71
764,94
765,120
766,176
767,200
768,259
769,216
770,174
771,136
772,113
773,80
774,36
775,33
776,29
777,23
778,19
779,26
780,28
781,27
782,20
783,21
784,29
785,23
786,20
787,27
788,24
789,23
790,21
791,17
792,20
793,13
794,22
795,19
796,18
797,18
798,23
799,15
800,21
801,16
802,17
803,25
804,15
805,17
806,18
807,18
808,21
809,24
810,21
811,23
812,20
813,20
814,22
815,23
816,20
817,21
818,15
819,15
820,20
821,21
822,17
823,27
824,18
825,18
826,16
827,16
828,21
829,20
830,21
831,25
832,19
833,20
834,13
835,16
836,15
837,16
838,15
839,16
840,14
841,20
842,17
843,18
844,18
845,13
846,19
847,12
848,29
849,16
850,27
851,22
852,12
853,8
854,19
855,13
856,18
857,10
858,12
859,12
860,14
861,17
862,19
863,15
864,16
865,15
866,20
867,16
868,11
869,14
870,18
871,15
872,17
873,10
874,19
875,16
876,21
877,30
878,29
879,29
880,41
881,39
882,28
883,39
884,17
885,12
886,19
887,8
888,14
889,5
890,18
891,13
892,9
893,12
894,20
895,23
896,12
897,13
898,18
899,20
900,18
901,10
902,10
903,16
904,15
905,16
906,15
907,21
908,12
909,20
910,17
911,13
912,19
913,22
914,15
915,26
916,22
917,22
918,33
919,37
920,63
921,55
922,63
923,46
924,43
925,18
926,26
927,19
928,17
929,18
930,11
931,12
932,19
933,10
934,13
935,12
936,9
937,14
938,22
939,20
940,18
941,15
942,9
943,14
944,18
945,10
946,13
947,15
948,11
949,18
950,19
951,17
952,20
953,14
954,13
955,13
956,12
957,14
958,19
959,26
960,14
961,10
962,17
963,12
964,17
965,8
966,11
967,11
968,14
969,17
970,12
971,17
972,19
973,11
974,11
975,10
976,11
977,16
978,7
979,11
980,13
981,11
982,16
983,16
984,17
985,18
986,12
987,25
988,14
989,11
990,16
991,19
992,10
993,17
994,18
995,23
996,36
997,50
998,61
999,92
1000,177
1001,215
1002,275
1003,291
1004,265
1005,189
1006,84
1007,59
1008,26
1009,30
1010,15
1011,16
1012,15
1013,15
1014,14
1015,12
1016,10
1017,10
1018,9
1019,9
1020,15
1021,8
1022,9
1023,15
1024,14
1025,11
1026,9
1027,7
1028,9
1029,3
1030,7
1031,3
1032,17
1033,11
1034,12
1035,14
1036,12
1037,16
1038,12
1039,14
1040,10
1041,11
1042,10
1043,11
1044,17
1045,9
1046,14
1047,15
1048,12
1049,13
1050,19
1051,11
1052,15
1053,12
1054,7
1055,11
1056,6
1057,8
1058,13
1059,9
1060,3
1061,11
1062,15
1063,9
1064,15
1065,17
1066,15
1067,7
1068,11
1069,8
1070,18
1071,13
1072,9
1073,8
1074,13
1075,17
1076,12
1077,7
1078,9
1079,14
1080,14
1081,9
1082,8
1083,12
1084,10
1085,14
1086,4
1087,13
1088,12
1089,16
1090,10
1091,14
1092,12
1093,16
1094,5
1095,6
1096,4
1097,15
1098,8
1099,12
1100,12
1101,13
1102,8
1103,19
1104,18
1105,19
1106,13
1107,19
1108,14
1109,12
1110,14
1111,11
1112,13
1113,7
1114,14
1115,5
1116,7
1117,10
1118,7
1119,13
1120,18
1121,5
1122,8
1123,11
1124,11
1125,13
1126,4
1127,7
1128,16
1129,8
1130,8
1131,8
1132,13
1133,8
1134,4
1135,8
1136,9
1137,10
1138,9
1139,12
1140,12
1141,9
1142,6
1143,16
1144,11
1145,12
1146,11
1147,14
1148,10
1149,15
1150,6
1151,15
1152,11
1153,10
1154,8
1155,13
1156,7
1157,8
1158,12
1159,12
1160,8
1161,12
1162,9
1163,9
1164,8
1165,9
1166,15
1167,15
1168,14
1169,14
1170,21
1171,16
1172,4
1173,14
1174,14
1175,8
1176,8
1177,11
1178,7
1179,13
1180,8
1181,6
1182,6
1183,10
1184,9
1185,7
1186,13
1187,8
1188,13
1189,9
1190,12
1191,13
1192,15
1193,9
1194,12
1195,11
1196,9
1197,12
1198,13
1199,9
1200,16
1201,13
1202,8
1203,8
1204,10
1205,12
1206,8
1207,4
1208,9
1209,8
1210,16
1211,9
1212,10
1213,14
1214,13
1215,10
1216,6
1217,4
1218,9
1219,4
1220,8
1221,7
1222,9
1223,6
1224,10
1225,9
1226,16
1227,7
1228,15
1229,8
1230,12
1231,7
1232,10
1233,16
1234,10
1235,11
1236,6
1237,11
1238,9
1239,8
1240,10
1241,8
1242,14
1243,6
1244,6
1245,14
1246,6
1247,7
1248,15
1249,15
1250,10
1251,8
1252,12
1253,10
1254,6
1255,12
1256,12
1257,10
1258,5
1259,6
1260,6
1261,9
1262,6
1263,9
1264,9
1265,8
1266,9
1267,9
1268,7
1269,8
1270,6
1271,13
1272,8
1273,9
1274,12
1275,8
1276,7
1277,9
1278,12
1279,13
1280,7
1281,6
1282,5
1283,9
1284,10
1285,4
1286,8
1287,9
1288,4
1289,12
1290,7
1291,10
1292,11
1293,10
1294,7
1295,10
1296,4
1297,7
1298,12
1299,5
1300,11
1301,6
1302,8
1303,9
1304,7
1305,5
1306,5
1307,14
1308,8
1309,11
1310,8
1311,6
1312,8
1313,12
1314,12
1315,7
1316,14
1317,13
1318,15
1319,10
1320,7
1321,6
1322,7
1323,9
1324,7
1325,9
1326,7
1327,12
1328,11
1329,6
1330,9
1331,7
1332,14
1333,10
1334,7
1335,10
1336,10
1337,17
1338,11
1339,10
1340,9
1341,10
1342,3
1343,9
1344,7
1345,8
1346,5
1347,3
1348,2
1349,7
1350,12
1351,4
1352,8
1353,9
1354,7
1355,7
1356,9
1357,10
1358,1
1359,15
1360,7
1361,12
1362,10
1363,16
1364,10
1365,7
1366,12
1367,9
1368,8
1369,10
1370,7
1371,4
1372,14
1373,11
1374,16
1375,6
1376,12
1377,6
1378,9
1379,5
1380,8
1381,10
1382,17
1383,12
1384,5
1385,8
1386,12
1387,7
1388,10
1389,6
1390,9
1391,9
1392,18
1393,11
1394,16
1395,24
1396,21
1397,21
1398,21
1399,17
1400,15
1401,6
1402,9
1403,8
1404,7
1405,6
1406,3
1407,4
1408,5
1409,6
1410,10
1411,8
1412,8
1413,11
1414,6
1415,9
1416,7
1417,9
1418,10
1419,3
1420,5
1421,7
1422,10
1423,5
1424,12
1425,10
1426,13
1427,6
1428,9
1429,13
1430,13
1431,9
1432,10
1433,8
1434,3
1435,8
1436,12
1437,12
1438,5
1439,4
1440,15
1441,9
1442,13
1443,9
1444,7
1445,5
1446,8
1447,15
1448,11
1449,12
1450,11
1451,8
1452,15
1453,7
1454,9
1455,9
1456,9
1457,7
1458,10
1459,8
1460,15
1461,7
1462,7
1463,11
1464,7
1465,9
1466,6
1467,6
1468,10
1469,5
1470,10
1471,10
1472,9
1473,8
1474,4
1475,10
1476,12
1477,9
1478,8
1479,9
1480,7
1481,9
1482,10
1483,17
1484,12
1485,17
1486,19
1487,16
1488,19
1489,17
1490,13
1491,15
1492,14
1493,7
1494,6
1495,6
1496,5
1497,6
1498,7
1499,8
1500,8
1501,5
1502,10
1503,8
1504,11
1505,7
1506,3
1507,6
1508,11
1509,9
1510,12
1511,10
1512,8
1513,3
1514,7
1515,6
1516,13
1517,5
1518,11
1519,10
1520,5
1521,3
1522,5
1523,8
1524,10
1525,7
1526,3
1527,7
1528,5
1529,9
1530,7
1531,9
1532,8
1533,9
1534,10
1535,12
1536,4
1537,7
1538,5
1539,10
1540,7
1541,8
1542,7
1543,8
1544,10
1545,10
1546,9
1547,9
1548,4
1549,5
1550,7
1551,1
1552,10
1553,7
1554,15
1555,10
1556,4
1557,13
1558,15
1559,8
1560,10
1561,12
1562,11
1563,6
1564,7
1565,7
1566,9
1567,5
1568,5
1569,7
1570,8
1571,12
1572,13
1573,10
1574,8
1575,10
1576,6
1577,8
1578,9
1579,16
1580,11
1581,4
1582,5
1583,8
1584,8
1585,11
1586,6
1587,10
1588,5
1589,8
1590,4
1591,9
1592,9
1593,12
1594,8
1595,3
1596,10
1597,6
1598,8
1599,6
1600,7
1601,10
1602,7
1603,9
1604,10
1605,11
1606,3
1607,7
1608,10
1609,7
1610,9
1611,2
1612,9
1613,7
1614,8
1615,10
1616,8
1617,8
1618,11
1619,7
1620,8
1621,9
1622,6
1623,6
1624,12
1625,7
1626,11
1627,3
1628,11
1629,5
1630,7
1631,3
1632,9
1633,11
1634,7
1635,9
1636,6
1637,11
1638,8
1639,9
1640,8
1641,7
1642,8
1643,10
1644,9
1645,9
1646,9
1647,5
1648,11
1649,9
1650,9
1651,11
1652,4
1653,8
1654,13
1655,9
1656,5
1657,8
1658,8
1659,6
1660,7
1661,4
1662,4
1663,9
1664,5
1665,6
1666,3
1667,6
1668,9
1669,7
1670,7
1671,7
1672,8
1673,3
1674,10
1675,10
1676,7
1677,10
1678,3
1679,4
1680,7
1681,9
1682,5
1683,7
1684,8
1685,5
1686,5
1687,4
1688,5
1689,13
1690,9
1691,10
1692,5
1693,11
1694,6
1695,7
1696,10
1697,8
1698,9
1699,4
1700,7
1701,8
1702,7
1703,3
1704,9
1705,8
1706,5
1707,10
1708,10
1709,5
1710,9
1711,9
1712,12
1713,10
1714,8
1715,3
1716,7
1717,7
1718,10
1719,16
1720,14
1721,16
1722,18
1723,13
1724,20
1725,21
1726,13
1727,14
1728,10
1729,9
1730,5
1731,7
1732,4
1733,13
1734,7
1735,7
1736,7
1737,5
1738,3
1739,6
1740,3
1741,4
1742,13
1743,5
1744,12
1745,10
1746,5
1747,8
1748,8
1749,7
1750,8
1751,7
1752,5
1753,4
1754,9
1755,13
1756,7
1757,3
1758,5
1759,5
1760,14
1761,4
1762,10
1763,8
1764,8
1765,5
1766,5
1767,3
1768,9
1769,10
1770,13
1771,4
1772,5
1773,6
1774,10
1775,6
1776,9
1777,9
1778,12
1779,7
1780,7
1781,6
1782,8
1783,6
1784,7
1785,9
1786,5
1787,5
1788,6
1789,9
1790,12
1791,4
1792,5
1793,2
1794,8
1795,9
1796,8
1797,6
1798,5
1799,9
1800,10
1801,9
1802,10
1803,11
1804,8
1805,9
1806,12
1807,11
1808,10
1809,13
1810,5
1811,12
1812,10
1813,6
1814,7
1815,9
1816,7
1817,3
1818,12
1819,7
1820,10
1821,8
1822,12
1823,8
1824,9
1825,5
1826,8
1827,8
1828,3
1829,7
1830,3
1831,5
1832,7
1833,9
1834,11
1835,10
1836,8
1837,3
1838,5
1839,6
1840,9
1841,6
1842,5
1843,12
1844,15
1845,9
1846,5
1847,12
1848,9
1849,11
1850,8
1851,8
1852,8
1853,4
1854,9
1855,11
1856,12
1857,8
1858,6
1859,11
1860,7
1861,6
1862,7
1863,5
1864,3
1865,9
1866,9
1867,5
1868,7
1869,13
1870,7
1871,7
1872,5
1873,12
1874,8
1875,4
1876,5
1877,10
1878,9
1879,7
1880,11
1881,11
1882,8
1883,8
1884,7
1885,4
1886,11
1887,9
1888,11
1889,9
1890,10
1891,5
1892,15
1893,8
1894,13
1895,5
1896,8
1897,7
1898,12
1899,8
1900,8
1901,5
1902,18
1903,6
1904,9
1905,6
1906,15
1907,10
1908,6
1909,4
1910,7
1911,6
1912,10
1913,7
1914,5
1915,3
1916,4
1917,4
1918,5
1919,8
1920,7
1921,5
1922,4
1923,6
1924,9
1925,7
1926,7
1927,6
1928,5
1929,3
1930,5
1931,8
1932,8
1933,5
1934,6
1935,2
1936,7
1937,5
1938,8
1939,5
1940,6
1941,6
1942,9
1943,2
1944,1
1945,6
1946,3
1947,6
1948,1
1949,7
1950,9
1951,14
1952,24
1953,26
1954,25
1955,44
1956,32
1957,63
1958,55
1959,36
1960,34
1961,18
1962,14
1963,6
1964,7
1965,13
1966,6
1967,4
1968,5
1969,6
1970,7
1971,8
1972,3
1973,10
1974,8
1975,5
1976,5
1977,4
1978,8
1979,3
1980,7
1981,7
1982,6
1983,7
1984,6
1985,4
1986,4
1987,5
1988,6
1989,5
1990,11
1991,4
1992,5
1993,2
1994,5
1995,2
1996,4
1997,7
1998,3
1999,7
2000,3
2001,3
2002,3
2003,2
2004,7
2005,7
2006,7
2007,6
2008,4
2009,2
2010,2
2011,3
2012,2
2013,6
2014,6
2015,4
2016,2
2017,4
2018,4
2019,2
2020,3
2021,6
2022,5
2023,2
2024,3
2025,5
2026,2
2027,2
2028,7
2029,2
2030,3
2031,3
2032,3
2033,3
2034,4
2035,4
2036,4
2037,5
2038,8
2039,3
2040,3
2041,2
2042,4
2043,6
2044,5
2045,7
2046,6
2047,4
2048,6
2049,8
2050,6
2051,6
2052,1
2053,1
2054,2
2055,9
2056,2
2057,4
2058,2
2059,1
2060,7
2061,6
2062,3
2063,2
2064,2
2065,4
2066,0
2067,2
2068,2
2069,2
2070,4
2071,5
2072,2
2073,2
2074,4
2075,2
2076,1
2077,2
2078,2
2079,1
2080,3
2081,5
2082,2
2083,0
2084,3
2085,1
2086,2
2087,2
2088,4
2089,4
2090,4
2091,1
2092,1
2093,2
2094,1
2095,4
2096,4
2097,1
2098,5
2099,6
2100,1
2101,2
2102,0
2103,0
2104,0
2105,3
2106,2
2107,5
2108,1
2109,3
2110,4
2111,3
2112,4
2113,8
2114,3
2115,6
2116,10
2117,4
2118,3
2119,3
2120,1
2121,2
2122,1
2123,1
2124,2
2125,2
2126,3
2127,1
2128,5
2129,1
2130,5
2131,3
2132,0
2133,1
2134,1
2135,2
2136,1
2137,1
2138,2
2139,3
2140,5
2141,0
2142,1
2143,4
2144,2
2145,5
2146,3
2147,1
2148,1
2149,0
2150,3
2151,2
2152,5
2153,4
2154,6
2155,0
2156,1
2157,1
2158,1
2159,3
2160,2
2161,3
2162,0
2163,2
2164,2
2165,0
2166,6
2167,0
2168,1
2169,2
2170,3
2171,2
2172,3
2173,2
2174,3
2175,2
2176,2
2177,3
2178,2
2179,2
2180,4
2181,2
2182,4
2183,1
2184,0
2185,3
2186,1
2187,3
2188,5
2189,2
2190,0
2191,2
2192,3
2193,3
2194,3
2195,3
2196,2
2197,2
2198,3
2199,4
2200,2
2201,6
2202,1
2203,4
2204,2
2205,1
2206,2
2207,1
2208,3
2209,2
2210,3
2211,0
2212,2
2213,3
2214,2
2215,1
2216,5
2217,0
2218,0
2219,1
2220,4
2221,4
2222,2
2223,2
2224,0
2225,2
2226,2
2227,3
2228,2
2229,4
2230,9
2231,8
2232,4
2233,17
2234,18
2235,28
2236,47
2237,60
2238,89
2239,101
2240,109
2241,136
2242,140
2243,93
2244,66
2245,43
2246,22
2247,13
2248,9
2249,4
2250,2
2251,1
2252,1
2253,2
2254,2
2255,1
2256,1
2257,3
2258,3
2259,2
2260,1
2261,0
2262,1
2263,2
2264,1
2265,0
2266,3
2267,1
2268,1
2269,0
2270,3
2271,1
2272,0
2273,1
2274,3
2275,0
2276,1
2277,1
2278,0
2279,3
2280,2
2281,2
2282,0
2283,1
2284,5
2285,1
2286,0
2287,1
2288,1
2289,2
2290,0
2291,1
2292,1
2293,2
2294,1
2295,2
2296,2
2297,1
2298,1
2299,2
2300,0
2301,2
2302,0
2303,0
2304,1
2305,0
2306,3
2307,0
2308,4
2309,1
2310,1
2311,0
2312,1
2313,1
2314,0
2315,3
2316,3
2317,6
2318,3
2319,1
2320,1
2321,3
2322,3
2323,1
2324,3
2325,3
2326,0
2327,1
2328,2
2329,0
2330,1
2331,0
2332,1
2333,2
2334,0
2335,1
2336,1
2337,1
2338,2
2339,0
2340,0
2341,0
2342,1
2343,0
2344,1
2345,1
2346,3
2347,0
2348,0
2349,1
2350,1
2351,2
2352,1
2353,0
2354,1
2355,0
2356,2
2357,1
2358,1
2359,0
2360,3
2361,3
2362,1
2363,2
2364,3
2365,0
2366,1
2367,0
2368,1
2369,2
2370,1
2371,0
2372,0
2373,1
2374,0
2375,0
2376,1
2377,2
2378,0
2379,3
2380,0
2381,0
2382,0
2383,1
2384,0
2385,1
2386,1
2387,0
2388,0
2389,0
2390,0
2391,1
2392,0
2393,0
2394,0
2395,1
2396,2
2397,4
2398,0
2399,0
2400,2
2401,0
2402,2
2403,1
2404,0
2405,0
2406,1
2407,2
2408,2
2409,1
2410,0
2411,2
2412,0
2413,0
2414,1
2415,0
2416,1
2417,0
2418,1
2419,1
2420,2
2421,0
2422,1
2423,1
2424,5
2425,2
2426,3
2427,0
2428,1
2429,1
2430,3
2431,1
2432,2
2433,3
2434,4
2435,2
2436,3
2437,2
2438,4
2439,1
2440,6
2441,3
2442,0
2443,3
2444,6
2445,7
2446,5
2447,1
2448,5
2449,1
2450,1
2451,2
2452,3
2453,1
2454,0
2455,2
2456,2
2457,0
2458,1
2459,1
2460,1
2461,2
2462,2
2463,2
2464,2
2465,0
2466,0
2467,2
2468,0
2469,1
2470,1
2471,2
2472,1
2473,0
2474,2
2475,1
2476,0
2477,1
2478,2
2479,1
2480,1
2481,0
2482,1
2483,0
2484,3
2485,6
2486,2
2487,1
2488,1
2489,1
2490,2
2491,2
2492,0
2493,0
2494,1
2495,1
2496,1
2497,1
2498,1
2499,0
2500,2
2501,3
2502,2
2503,2
2504,0
2505,2
2506,2
2507,1
2508,2
2509,1
2510,1
2511,2
2512,0
2513,0
2514,1
2515,5
2516,0
2517,0
2518,3
2519,1
2520,1
2521,0
2522,0
2523,3
2524,3
2525,1
2526,0
2527,1
2528,0
2529,0
2530,0
2531,0
2532,0
2533,2
2534,0
2535,0
2536,2
2537,0
2538,2
2539,0
2540,0
2541,1
2542,0
2543,0
2544,0
2545,1
2546,2
2547,0
2548,2
2549,1
2550,1
2551,0
2552,2
2553,3
2554,0
2555,1
2556,0
2557,3
2558,1
2559,1
2560,1
2561,1
2562,1
2563,0
2564,0
2565,1
2566,1
2567,1
2568,2
2569,1
2570,1
2571,0
2572,1
2573,2
2574,0
2575,0
2576,1
2577,2
2578,1
2579,0
2580,0
2581,2
2582,0
2583,0
2584,1
2585,1
2586,1
2587,2
2588,1
2589,1
2590,2
2591,0
2592,0
2593,3
2594,1
2595,1
2596,0
2597,1
2598,0
2599,3
2600,1
2601,0
2602,1
2603,1
2604,3
2605,0
2606,0
2607,0
2608,1
2609,0
2610,0
2611,0
2612,1
2613,0
2614,0
2615,1
2616,0
2617,0
2618,1
2619,0
2620,0
2621,0
2622,0
2623,2
2624,1
2625,1
2626,2
2627,1
2628,0
2629,0
2630,0
2631,2
2632,0
2633,2
2634,0
2635,0
2636,1
2637,1
2638,1
2639,2
2640,0
2641,2
2642,0
2643,2
2644,0
2645,2
2646,1
2647,1
2648,2
2649,3
2650,0
2651,0
2652,3
2653,2
2654,2
2655,1
2656,1
2657,1
2658,1
2659,2
2660,1
2661,1
2662,1
2663,6
2664,0
2665,0
2666,0
2667,0
2668,1
2669,0
2670,0
2671,2
2672,1
2673,3
2674,3
2675,1
2676,1
2677,1
2678,0
2679,1
2680,1
2681,2
2682,1
2683,0
2684,1
2685,2
2686,1
2687,0
2688,1
2689,0
2690,1
2691,1
2692,0
2693,0
2694,1
2695,0
2696,0
2697,0
2698,2
2699,0
2700,1
2701,0
2702,1
2703,2
2704,4
2705,3
2706,5
2707,4
2708,3
2709,12
2710,7
2711,11
2712,6
2713,10
2714,5
2715,5
2716,0
2717,5
2718,0
2719,2
2720,1
2721,0
2722,1
2723,0
2724,0
2725,0
2726,1
2727,1
2728,1
2729,1
2730,0
2731,1
2732,1
2733,0
2734,1
2735,1
2736,1
2737,1
2738,1
2739,4
2740,3
2741,3
2742,3
2743,0
2744,1
2745,0
2746,0
2747,1
2748,0
2749,1
2750,1
2751,0
2752,1
2753,0
2754,4
2755,1
2756,1
2757,2
2758,3
2759,0
2760,1
2761,0
2762,2
2763,0
2764,0
2765,0
2766,0
2767,0
2768,0
2769,0
2770,0
2771,1
2772,2
2773,0
2774,1
2775,1
2776,0
2777,1
2778,0
2779,0
2780,0
2781,0
2782,1
2783,1
2784,1
2785,0
2786,1
2787,0
2788,0
2789,0
2790,1
2791,5
2792,1
2793,0
2794,3
2795,1
2796,0
2797,0
2798,0
2799,1
2800,0
2801,1
2802,1
2803,1
2804,1
2805,2
2806,0
2807,0
2808,1
2809,0
2810,0
2811,0
2812,1
2813,0
2814,0
2815,2
2816,0
2817,2
2818,1
2819,0
2820,2
2821,0
2822,1
2823,2
2824,1
2825,0
2826,2
2827,2
2828,1
2829,0
2830,1
2831,2
2832,1
2833,0
2834,0
2835,1
2836,1
2837,1
2838,1
2839,3
2840,1
2841,2
2842,0
2843,1
2844,1
2845,1
2846,0
2847,1
2848,1
2849,0
2850,0
2851,1
2852,0
2853,0
2854,0
2855,1
2856,0
2857,0
2858,1
2859,1
2860,1
2861,0
2862,1
2863,1
2864,0
2865,1
2866,2
2867,1
2868,1
2869,1
2870,0
2871,0
2872,0
2873,1
2874,0
2875,4
2876,0
2877,0
2878,1
2879,0
2880,1
2881,1
2882,1
2883,1
2884,1
2885,2
2886,0
2887,1
2888,2
2889,0
2890,1
2891,1
2892,2
2893,2
2894,1
2895,1
2896,1
2897,2
2898,0
2899,0
2900,0
2901,1
2902,2
2903,1
2904,3
2905,1
2906,1
2907,0
2908,1
2909,0
2910,0
2911,1
2912,1
2913,1
2914,2
2915,0
2916,1
2917,0
2918,1
2919,0
2920,0
2921,0
2922,0
2923,2
2924,0
2925,0
2926,0
2927,0
2928,2
2929,0
2930,1
2931,0
2932,0
2933,0
2934,1
2935,0
2936,0
2937,1
2938,0
2939,0
2940,1
2941,2
2942,1
2943,0
2944,0
2945,1
2946,0
2947,1
2948,1
2949,0
2950,0
2951,0
2952,2
2953,0
2954,1
2955,0
2956,0
2957,1
2958,1
2959,0
2960,1
2961,1
2962,0
2963,0
2964,1
2965,0
2966,1
2967,0
2968,0
2969,1
2970,0
2971,0
2972,1
2973,1
2974,1
2975,0
2976,1
2977,1
2978,0
2979,2
2980,0
2981,0
2982,2
2983,0
2984,2
2985,0
2986,1
2987,1
2988,0
2989,2
2990,0
2991,0
2992,0
2993,0
2994,1
2995,0
2996,1
2997,2
2998,0
2999,1
3000,0
3001,2
3002,1
3003,1
3004,0
3005,0
3006,1
3007,1
3008,0
3009,0
3010,1
3011,1
3012,0
3013,1
3014,1
3015,1
3016,2
3017,0
3018,0
3019,0
3020,0
3021,0
3022,1
3023,2
3024,2
3025,0
3026,1
3027,0
3028,0
3029,1
3030,0
3031,0
3032,0
3033,1
3034,0
3035,1
3036,2
3037,2
3038,0
3039,0
3040,2
3041,2
3042,0
3043,0
3044,0
3045,2
3046,1
3047,2
3048,0
3049,0
3050,2
3051,1
3052,2
3053,1
3054,0
3055,0
3056,0
3057,0
3058,2
3059,0
3060,2
3061,1
3062,1
3063,0
3064,1
3065,1
3066,1
3067,1
3068,3
3069,2
3070,3
3071,0
3072,0
3073,2
3074,0
3075,0
3076,0
3077,1
3078,0
3079,0
3080,1
3081,1
3082,0
3083,1
3084,1
3085,0
3086,0
3087,1
3088,0
3089,0
3090,2
3091,1
3092,1
3093,1
3094,0
3095,1
3096,4
3097,1
3098,1
3099,0
3100,0
3101,0
3102,0
3103,1
3104,0
3105,0
3106,1
3107,0
3108,0
3109,0
3110,0
3111,1
3112,1
3113,0
3114,0
3115,1
3116,0
3117,1
3118,2
3119,0
3120,0
3121,0
3122,1
3123,0
3124,0
3125,1
3126,2
3127,1
3128,0
3129,1
3130,0
3131,0
3132,0
3133,1
3134,0
3135,1
3136,0
3137,0
3138,1
3139,0
3140,0
3141,0
3142,0
3143,0
3144,0
3145,0
3146,1
3147,0
3148,0
3149,3
3150,0
3151,0
3152,3
3153,0
3154,2
3155,0
3156,1
3157,0
3158,0
3159,0
3160,1
3161,0
3162,2
3163,0
3164,1
3165,0
3166,0
3167,0
3168,0
3169,0
3170,0
3171,1
3172,0
3173,1
3174,0
3175,0
3176,1
3177,1
3178,0
3179,3
3180,1
3181,0
3182,2
3183,2
3184,1
3185,1
3186,2
3187,1
3188,0
3189,1
3190,1
3191,3
3192,0
3193,0
3194,0
3195,0
3196,1
3197,1
3198,1
3199,0
3200,0
3201,0
3202,0
3203,0
3204,1
3205,1
3206,0
3207,0
3208,2
3209,1
3210,1
3211,1
3212,0
3213,0
3214,0
3215,1
3216,0
3217,0
3218,0
3219,1
3220,1
3221,2
3222,0
3223,2
3224,1
3225,0
3226,2
3227,2
3228,3
3229,0
3230,3
3231,1
3232,0
3233,1
3234,3
3235,5
3236,4
3237,1
3238,1
3239,1
3240,0
3241,0
3242,2
3243,1
3244,1
3245,0
3246,1
3247,0
3248,0
3249,1
3250,0
3251,1
3252,0
3253,0
3254,1
3255,1
3256,2
3257,0
3258,0
3259,0
3260,1
3261,1
3262,2
3263,0
3264,0
3265,2
3266,2
3267,0
3268,1
3269,0
3270,0
3271,2
3272,0
3273,0
3274,2
3275,0
3276,1
3277,1
3278,0
3279,0
3280,0
3281,1
3282,0
3283,0
3284,0
3285,0
3286,0
3287,0
3288,0
3289,0
3290,0
3291,0
3292,0
3293,0
3294,0
3295,0
3296,0
3297,0
3298,1
3299,0
3300,0
3301,0
3302,0
3303,0
3304,0
3305,2
3306,1
3307,2
3308,0
3309,1
3310,0
3311,1
3312,0
3313,0
3314,0
3315,0
3316,0
3317,0
3318,0
3319,0
3320,2
3321,0
3322,0
3323,0
3324,0
3325,2
3326,0
3327,1
3328,1
3329,1
3330,0
3331,2
3332,1
3333,1
3334,1
3335,0
3336,0
3337,0
3338,1
3339,3
3340,1
3341,0
3342,1
3343,1
3344,0
3345,1
3346,1
3347,0
3348,0
3349,1
3350,0
3351,0
3352,1
3353,0
3354,0
3355,0
3356,0
3357,0
3358,1
3359,2
3360,0
3361,2
3362,1
3363,1
3364,1
3365,0
3366,1
3367,1
3368,1
3369,2
3370,1
3371,1
3372,0
3373,1
3374,1
3375,0
3376,1
3377,1
3378,0
3379,0
3380,1
3381,1
3382,2
3383,1
3384,1
3385,2
3386,1
3387,2
3388,3
3389,0
3390,3
3391,1
3392,2
3393,3
3394,1
3395,0
3396,1
3397,1
3398,0
3399,0
3400,0
3401,0
3402,3
3403,2
3404,0
3405,1
3406,0
3407,0
3408,0
3409,0
3410,0
3411,3
3412,0
3413,0
3414,1
3415,1
3416,0
3417,0
3418,2
3419,2
3420,1
3421,1
3422,0
3423,1
3424,0
3425,0
3426,0
3427,1
3428,1
3429,0
3430,1
3431,1
3432,0
3433,0
3434,0
3435,0
3436,2
3437,0
3438,0
3439,0
3440,1
3441,0
3442,1
3443,1
3444,1
3445,0
3446,0
3447,1
3448,0
3449,0
3450,1
3451,0
3452,0
3453,0
3454,0
3455,0
3456,1
3457,0
3458,1
3459,0
3460,0
3461,0
3462,1
3463,1
3464,2
3465,1
3466,1
3467,0
3468,0
3469,0
3470,0
3471,1
3472,0
3473,1
3474,1
3475,1
3476,0
3477,0
3478,0
3479,1
3480,0
3481,1
3482,0
3483,0
3484,0
3485,1
3486,1
3487,3
3488,0
3489,0
3490,0
3491,0
3492,2
3493,1
3494,0
3495,1
3496,0
3497,1
3498,0
3499,0
3500,0
3501,0
3502,1
3503,0
3504,2
3505,0
3506,1
3507,0
3508,0
3509,0
3510,1
3511,0
3512,1
3513,1
3514,1
3515,1
3516,0
3517,1
3518,0
3519,1
3520,0
3521,0
3522,0
3523,0
3524,1
3525,1
3526,1
3527,2
3528,1
3529,0
3530,1
3531,1
3532,0
3533,0
3534,0
3535,1
3536,0
3537,2
3538,0
3539,1
3540,1
3541,2
3542,1
3543,0
3544,1
3545,0
3546,0
3547,0
3548,1
3549,1
3550,0
3551,1
3552,0
3553,0
3554,0
3555,0
3556,0
3557,1
3558,0
3559,0
3560,0
3561,1
3562,2
3563,0
3564,0
3565,0
3566,0
3567,0
3568,1
3569,0
3570,0
3571,0
3572,0
3573,0
3574,1
3575,1
3576,1
3577,0
3578,0
3579,1
3580,0
3581,1
3582,0
3583,0
3584,0
3585,0
3586,1
3587,0
3588,1
3589,2
3590,0
3591,1
3592,2
3593,0
3594,0
3595,0
3596,0
3597,2
3598,1
3599,0
3600,0
3601,0
3602,0
3603,1
3604,0
3605,0
3606,0
3607,0
3608,1
3609,1
3610,0
3611,0
3612,0
3613,0
3614,0
3615,0
3616,0
3617,1
3618,1
3619,1
3620,0
3621,0
3622,1
3623,0
3624,1
3625,0
3626,0
3627,1
3628,0
3629,1
3630,1
3631,0
3632,1
3633,0
3634,1
3635,0
3636,0
3637,2
3638,0
3639,0
3640,2
3641,0
3642,1
3643,0
3644,2
3645,0
3646,0
3647,0
3648,1
3649,1
3650,0
3651,0
3652,1
3653,0
3654,1
3655,1
3656,1
3657,2
3658,0
3659,1
3660,1
3661,0
3662,0
3663,1
3664,2
3665,0
3666,0
3667,0
3668,1
3669,1
3670,0
3671,1
3672,1
3673,0
3674,0
3675,1
3676,0
3677,1
3678,0
3679,0
3680,1
3681,0
3682,0
3683,0
3684,0
3685,0
3686,1
3687,0
3688,1
3689,0
3690,0
3691,0
3692,1
3693,0
3694,0
3695,0
3696,0
3697,1
3698,1
3699,2
3700,0
3701,0
3702,1
3703,1
3704,4
3705,0
3706,0
3707,0
3708,0
3709,0
3710,1
3711,1
3712,1
3713,2
3714,1
3715,0
3716,1
3717,1
3718,3
3719,0
3720,0
3721,0
3722,0
3723,0
3724,0
3725,1
3726,0
3727,0
3728,0
3729,0
3730,1
3731,0
3732,0
3733,0
3734,0
3735,0
3736,1
3737,0
3738,0
3739,0
3740,0
3741,0
3742,1
3743,2
3744,1
3745,0
3746,0
3747,0
3748,0
3749,0
3750,1
3751,0
3752,0
3753,1
3754,1
3755,0
3756,0
3757,0
3758,0
3759,1
3760,1
3761,1
3762,0
3763,0
3764,0
3765,2
3766,1
3767,0
3768,0
3769,1
3770,1
3771,1
3772,0
3773,0
3774,1
3775,1
3776,0
3777,1
3778,0
3779,0
3780,1
3781,0
3782,0
3783,1
3784,0
3785,0
3786,0
3787,0
3788,2
3789,0
3790,0
3791,2
3792,0
3793,0
3794,1
3795,0
3796,0
3797,0
3798,0
3799,0
3800,1
3801,0
3802,1
3803,0
3804,0
3805,1
3806,0
3807,0
3808,1
3809,2
3810,1
3811,0
3812,0
3813,0
3814,0
3815,0
3816,1
3817,0
3818,0
3819,2
3820,0
3821,1
3822,3
3823,0
3824,0
3825,0
3826,2
3827,0
3828,0
3829,0
3830,0
3831,0
3832,0
3833,0
3834,1
3835,0
3836,0
3837,0
3838,0
3839,0
3840,0
3841,0
3842,0
3843,1
3844,0
3845,0
3846,0
3847,0
3848,0
3849,1
3850,0
3851,0
3852,0
3853,0
3854,0
3855,1
3856,1
3857,0
3858,0
3859,0
3860,0
3861,0
3862,0
3863,0
3864,0
3865,0
3866,1
3867,0
3868,1
3869,0
3870,0
3871,0
3872,0
3873,1
3874,0
3875,2
3876,0
3877,1
3878,0
3879,1
3880,0
3881,1
3882,0
3883,0
3884,0
3885,0
3886,0
3887,0
3888,0
3889,0
3890,0
3891,0
3892,0
3893,0
3894,0
3895,0
3896,1
3897,1
3898,0
3899,0
3900,0
3901,2
3902,0
3903,0
3904,0
3905,0
3906,1
3907,0
3908,0
3909,0
3910,0
3911,0
3912,0
3913,0
3914,0
3915,0
3916,0
3917,0
3918,0
3919,0
3920,0
3921,0
3922,0
3923,0
3924,0
3925,1
3926,0
3927,0
3928,0
3929,0
3930,1
3931,0
3932,0
3933,1
3934,0
3935,0
3936,0
3937,0
3938,0
3939,0
3940,0
3941,0
3942,0
3943,0
3944,0
3945,0
3946,1
3947,0
3948,0
3949,1
3950,0
3951,0
3952,0
3953,1
3954,0
3955,1
3956,0
3957,1
3958,0
3959,0
3960,0
3961,0
3962,0
3963,0
3964,0
3965,0
3966,0
3967,0
3968,0
3969,0
3970,0
3971,0
3972,0
3973,0
3974,2
3975,1
3976,1
3977,0
3978,0
3979,0
3980,0
3981,0
3982,0
3983,0
3984,0
3985,0
3986,0
3987,0
3988,0
3989,0
3990,0
3991,0
3992,0
3993,0
3994,0
3995,0
3996,0
3997,0
3998,0
3999,0
4000,0
4001,0
4002,0
4003,1
4004,0
4005,1
4006,0
4007,0
4008,0
4009,0
4010,2
4011,1
4012,0
4013,1
4014,2
4015,1
4016,3
4017,1
4018,5
4019,7
4020,10
4021,11
4022,13
4023,5
4024,15
4025,8
4026,9
4027,1
4028,4
4029,5
4030,2
4031,1
4032,1
4033,0
4034,0
4035,0
4036,1
4037,0
4038,1
4039,0
4040,0
4041,0
4042,0
4043,0
4044,0
4045,0
4046,1
4047,0
4048,0
4049,0
4050,0
4051,0
4052,0
4053,0
4054,0
4055,0
4056,0
4057,0
4058,0
4059,0
4060,0
4061,2
4062,0
4063,0
4064,0
4065,0
4066,0
4067,0
4068,0
4069,0
4070,0
4071,0
4072,0
4073,0
4074,1
4075,0
4076,1
4077,0
4078,0
4079,0
4080,0
4081,0
4082,0
4083,0
4084,0
4085,0
4086,0
4087,0
4088,0
4089,0
4090,0
4091,0
4092,0
4093,0
4094,0
4095,0
